"id","vegetarian"
2,0
3,1
4,0
5,1
8,1
9,0
11,0
12,1
14,0
17,0
19,0
20,0
21,1
27,0
30,0
33,0
36,0
46,0
52,1
55,1
56,0
61,1
62,0
66,0
70,1
71,0
72,1
76,1
78,0
79,0
89,0
91,0
93,1
97,1
99,1
100,0
102,1
104,1
110,0
112,0
115,1
116,0
128,1
132,0
136,0
143,0
149,0
166,0
170,1
171,1
177,1
178,0
179,0
186,0
190,1
197,1
199,1
200,1
201,0
205,0
212,1
213,0
220,0
221,1
222,1
223,1
226,1
227,1
232,0
234,0
236,1
240,0
243,0
244,1
246,1
255,1
261,1
264,0
266,1
267,0
268,0
271,1
273,0
274,0
276,1
279,0
283,1
285,0
287,0
288,1
295,1
297,1
299,0
306,1
307,1
308,0
311,0
314,1
316,1
319,1
321,0
322,0
323,1
324,0
326,1
335,0
340,1
346,1
349,1
354,0
355,0
357,1
360,1
363,0
364,0
368,1
371,1
373,1
375,0
381,0
384,0
392,0
395,1
397,1
408,1
410,1
411,0
418,0
422,0
423,1
428,1
432,0
433,1
436,1
453,1
458,1
459,1
462,1
468,1
469,1
470,0
478,0
480,0
489,0
490,0
493,1
499,1
500,1
502,1
503,1
526,0
527,0
530,0
535,0
536,0
537,1
538,0
541,1
542,1
543,0
544,0
545,0
547,1
548,0
552,1
554,1
558,0
559,0
566,0
569,0
576,0
578,1
579,0
581,0
584,0
587,1
588,1
590,1
595,0
597,1
598,0
604,0
607,1
609,1
617,0
622,1
624,0
632,1
635,0
636,1
637,0
638,1
648,1
657,0
665,0
670,1
675,0
681,0
682,0
685,0
688,1
695,0
701,1
710,1
711,0
724,1
727,0
730,0
732,0
733,0
736,1
738,0
747,0
748,1
749,1
755,0
774,0
776,1
781,0
785,1
787,1
789,0
795,1
799,1
800,0
815,0
818,0
822,0
825,1
830,1
834,1
846,0
848,1
852,1
857,1
860,1
870,0
871,1
872,1
878,1
881,0
887,1
888,1
889,0
894,1
898,0
901,1
907,1
909,1
920,1
921,1
922,0
923,0
928,0
929,0
940,1
942,0
952,0
953,0
955,1
958,1
963,1
970,1
972,0
975,1
979,0
990,1
992,0
998,1
1007,0
1008,0
1010,1
1011,1
1014,0
1018,1
1019,1
1024,0
1027,1
1028,1
1036,0
1038,1
1039,0
1056,0
1062,1
1065,0
1068,1
1070,1
1084,0
1087,1
1093,1
1098,0
1102,1
1108,1
1110,1
1114,0
1120,0
1136,1
1144,0
1149,1
1152,0
1155,0
1160,0
1168,0
1170,0
1173,0
1180,1
1181,0
1188,1
1193,1
1201,0
1202,1
1204,1
1205,1
1213,0
1214,0
1226,0
1227,0
1231,1
1244,1
1247,1
1249,1
1254,1
1257,0
1263,0
1269,0
1271,0
1274,0
1276,0
1278,1
1280,0
1282,1
1288,0
1290,1
1291,0
1302,1
1306,0
1311,0
1313,0
1318,0
1324,0
1335,1
1337,1
1341,0
1344,0
1350,0
1354,1
1355,1
1356,1
1359,0
1361,1
1365,1
1367,0
1369,0
1370,1
1371,0
1372,1
1375,1
1376,1
1380,0
1381,1
1393,1
1396,1
1401,1
1410,1
1419,0
1420,1
1421,1
1424,0
1433,1
1435,0
1444,0
1452,1
1457,0
1461,0
1463,1
1466,1
1467,1
1470,1
1473,1
1475,0
1476,0
1499,1
1509,1
1516,0
1517,1
1518,0
1520,1
1533,1
1537,1
1541,1
1544,1
1545,0
1547,1
1549,0
1550,1
1556,0
1562,0
1563,0
1566,1
1567,0
1576,1
1579,1
1582,0
1587,0
1590,1
1592,1
1594,0
1603,1
1604,0
1605,0
1608,0
1610,1
1611,0
1615,1
1620,1
1623,1
1629,1
1630,0
1636,0
1640,1
1641,0
1647,1
1652,1
1653,1
1654,0
1655,0
1656,0
1661,1
1665,0
1673,0
1675,1
1679,1
1681,1
1687,1
1688,1
1692,1
1696,1
1708,0
1723,0
1726,1
1727,0
1734,1
1737,0
1746,1
1749,1
1752,0
1754,0
1759,0
1760,0
1763,0
1767,0
1769,0
1770,1
1778,0
1779,1
1785,0
1795,0
1796,1
1797,0
1801,1
1805,1
1807,1
1809,0
1813,0
1814,0
1816,1
1821,1
1823,0
1824,1
1825,1
1827,0
1830,1
1835,0
1837,1
1841,0
1842,1
1846,0
1849,0
1852,1
1869,0
1871,0
1876,0
1878,0
1883,0
1885,1
1889,1
1891,1
1893,0
1895,1
1897,1
1898,1
1899,1
1900,0
1901,0
1902,1
1904,0
1905,1
1906,1
1907,1
1908,0
1909,1
1910,1
1912,1
1928,1
1933,1
1934,0
1936,0
1943,0
1944,0
1949,1
1952,0
1959,1
1964,0
1966,0
1971,1
1973,0
1980,1
1983,1
1984,0
1986,1
1988,1
1990,0
1991,1
1994,0
1996,0
1997,1
1999,1
2002,0
2003,1
2006,0
2007,1
2015,1
2019,0
2021,0
2022,1
2045,1
2049,0
2050,1
2053,0
2054,1
2060,0
2061,1
2064,0
2065,0
2066,1
2068,1
2076,0
2084,1
2088,0
2092,0
2095,0
2097,1
2109,1
2115,0
2118,0
2132,1
2138,0
2152,0
2161,0
2162,1
2166,1
2167,1
2181,0
2187,0
2194,0
2205,1
2208,1
2209,1
2211,0
2216,0
2223,1
2225,0
2227,1
2229,0
2231,0
2232,1
2240,0
2243,1
2246,1
2247,0
2249,0
2257,1
2264,0
2281,1
2287,1
2290,0
2295,1
2297,0
2304,1
2307,1
2308,0
2309,0
2310,0
2312,1
2314,0
2320,1
2323,1
2326,1
2334,0
2335,0
2338,1
2340,0
2342,0
2347,1
2349,0
2354,1
2358,1
2362,0
2363,0
2364,1
2368,1
2373,1
2376,1
2377,0
2381,0
2382,0
2389,1
2393,0
2398,0
2399,1
2400,1
2401,0
2406,1
2409,1
2413,1
2414,0
2429,0
2430,0
2433,1
2436,0
2438,0
2446,0
2449,0
2452,1
2454,0
2455,0
2479,0
2481,0
2484,1
2491,0
2493,0
2498,0
2501,0
2502,1
2506,0
2510,0
2511,1
2513,1
2514,0
2519,1
2525,1
2537,1
2543,1
2548,1
2553,1
2554,0
2555,0
2561,1
2568,1
2580,0
2583,1
2588,1
2589,0
2592,1
2596,0
2602,1
2603,0
2604,1
2616,0
2617,0
2623,1
2626,0
2627,0
2628,0
2629,0
2632,1
2633,1
2636,0
2637,1
2639,0
2643,0
2651,0
2652,0
2655,1
2661,1
2674,0
2675,0
2683,0
2685,1
2689,0
2691,0
2692,1
2693,0
2704,1
2710,1
2712,0
2713,1
2715,0
2716,0
2717,0
2719,1
2722,0
2723,0
2724,0
2731,1
2738,1
2741,0
2742,0
2748,1
2750,0
2757,1
2762,0
2764,1
2765,1
2773,0
2774,0
2775,0
2778,0
2779,0
2787,1
2788,0
2790,0
2795,0
2796,0
2806,0
2808,0
2812,1
2817,1
2818,1
2819,1
2822,1
2825,0
2830,1
2834,0
2835,0
2836,0
2840,1
2845,1
2849,1
2865,0
2866,1
2867,0
2869,0
2878,1
2880,0
2882,0
2894,0
2900,1
2903,1
2904,0
2908,0
2909,0
2913,0
2915,1
2917,1
2920,1
2929,1
2930,0
2932,0
2938,0
2939,0
2942,0
2943,1
2944,1
2965,0
2981,0
2986,0
2987,0
2993,1
2997,0
2999,0
3003,1
3006,1
3012,1
3017,1
3018,1
3019,1
3021,1
3026,1
3028,1
3033,0
3036,1
3042,0
3047,0
3049,0
3050,0
3051,0
3055,0
3057,1
3062,0
3070,1
3073,0
3076,0
3077,1
3089,1
3092,1
3099,0
3102,0
3110,1
3113,0
3119,1
3123,1
3127,1
3129,0
3133,0
3139,0
3141,1
3143,1
3151,0
3152,1
3155,1
3163,0
3167,0
3168,0
3194,0
3200,0
3204,0
3207,0
3208,0
3210,0
3215,1
3217,1
3222,1
3225,1
3230,0
3233,1
3252,1
3266,1
3268,1
3273,0
3274,0
3278,0
3280,1
3289,0
3298,0
3302,1
3307,0
3309,0
3311,1
3312,1
3316,0
3319,0
3321,1
3327,0
3331,0
3334,1
3339,1
3340,0
3346,1
3351,0
3355,0
3357,0
3358,1
3375,0
3380,1
3383,0
3384,1
3386,0
3389,0
3390,0
3394,0
3395,1
3398,1
3401,0
3402,0
3403,0
3413,1
3419,0
3421,0
3423,1
3424,0
3425,1
3435,1
3443,1
3445,0
3448,0
3460,1
3464,1
3469,1
3475,1
3482,1
3483,1
3487,1
3495,1
3498,1
3499,1
3503,0
3504,1
3505,1
3516,0
3525,1
3528,1
3529,1
3532,0
3540,0
3542,0
3543,0
3552,0
3556,0
3557,0
3560,1
3562,1
3567,1
3570,1
3572,0
3575,1
3585,0
3589,1
3591,1
3593,0
3600,0
3602,1
3603,1
3608,0
3609,0
3610,0
3611,0
3614,0
3615,0
3624,0
3629,0
3632,0
3640,0
3650,1
3654,1
3662,1
3663,0
3666,0
3669,1
3672,1
3675,0
3679,1
3681,1
3684,1
3689,1
3693,1
3697,0
3699,0
3701,0
3702,0
3709,0
3712,1
3714,1
3727,1
3728,1
3736,1
3739,0
3740,0
3744,0
3745,0
3749,0
3752,0
3753,0
3755,0
3756,0
3760,0
3767,1
3768,0
3782,0
3788,1
3789,1
3795,0
3806,0
3812,1
3817,0
3822,1
3823,0
3828,0
3834,0
3850,1
3852,0
3853,0
3854,0
3856,1
3861,1
3865,1
3873,1
3875,1
3886,0
3888,1
3896,1
3901,0
3903,1
3912,1
3915,1
3919,1
3929,1
3935,0
3936,1
3944,1
3946,1
3949,0
3953,0
3956,0
3963,0
3969,1
3970,1
3971,1
3973,1
3975,0
3979,1
3983,1
3986,0
4005,0
4007,1
4013,1
4019,1
4028,1
4040,1
4043,0
4053,1
4061,0
4065,1
4066,1
4071,0
4076,0
4080,0
4081,1
4086,0
4089,1
4093,1
4099,0
4100,0
4108,1
4109,0
4111,0
4114,0
4120,0
4122,1
4125,1
4129,0
4131,0
4137,1
4145,0
4146,0
4149,0
4154,1
4156,0
4167,0
4175,0
4177,0
4178,0
4180,0
4185,0
4186,1
4187,0
4188,1
4192,0
4193,0
4196,0
4198,0
4200,1
4213,0
4219,1
4220,1
4227,0
4239,1
4240,0
4242,0
4244,1
4251,0
4253,1
4256,1
4263,0
4264,1
4271,1
4272,1
4276,0
4279,1
4280,0
4283,0
4292,0
4294,1
4297,1
4317,0
4318,1
4326,0
4327,1
4340,0
4350,1
4353,1
4364,0
4365,1
4376,0
4378,1
4379,0
4386,0
4387,0
4393,0
4400,0
4402,0
4404,0
4405,0
4411,0
4415,1
4419,0
4423,0
4430,0
4431,1
4434,0
4436,0
4438,0
4445,0
4447,1
4448,0
4450,1
4454,0
4457,0
4461,1
4471,1
4474,1
4480,1
4484,0
4485,0
4488,0
4499,1
4507,1
4511,0
4523,1
4528,0
4538,0
4541,0
4542,1
4547,1
4550,0
4552,0
4556,1
4557,1
4560,1
4563,1
4564,1
4568,0
4573,1
4581,0
4583,1
4584,0
4589,1
4592,1
4594,1
4602,1
4605,0
4615,0
4616,1
4622,0
4623,0
4624,0
4626,1
4627,1
4630,1
4632,1
4633,1
4645,1
4647,0
4651,1
4655,1
4667,0
4669,1
4670,1
4676,1
4679,0
4685,1
4689,0
4696,0
4698,0
4699,0
4710,1
4714,0
4716,0
4720,0
4723,1
4734,1
4741,0
4748,1
4749,1
4750,1
4751,0
4760,1
4771,1
4773,0
4775,0
4782,1
4788,1
4789,0
4797,1
4804,1
4810,1
4813,1
4817,1
4819,1
4824,1
4828,0
4839,0
4851,0
4861,0
4862,1
4869,0
4874,1
4879,1
4882,0
4883,0
4887,1
4888,1
4890,0
4893,0
4900,1
4902,1
4912,1
4913,1
4916,1
4919,0
4921,1
4922,1
4927,1
4928,1
4929,0
4935,1
4936,1
4940,1
4941,0
4944,0
4950,1
4951,0
4952,0
4957,0
4959,0
4974,0
4976,0
4979,0
4982,0
4991,0
4999,1
5001,1
5002,0
5007,1
5011,1
5015,1
5017,1
5019,0
5023,1
5028,1
5029,0
5032,1
5035,0
5038,1
5047,0
5053,1
5056,1
5060,0
5070,1
5072,0
5081,0
5084,1
5085,1
5096,0
5098,1
5100,0
5110,0
5114,0
5125,1
5130,0
5133,0
5135,1
5136,1
5140,0
5150,1
5157,1
5169,0
5174,0
5183,1
5185,1
5188,0
5190,1
5195,0
5196,1
5205,1
5209,1
5213,1
5214,1
5216,0
5224,1
5226,1
5227,1
5230,0
5236,0
5237,1
5241,1
5244,0
5250,1
5252,1
5256,0
5266,0
5268,0
5271,1
5275,0
5276,1
5284,1
5286,0
5288,1
5290,0
5297,0
5298,1
5299,1
5306,0
5308,0
5309,1
5313,1
5318,0
5326,0
5328,1
5330,0
5335,0
5336,1
5339,0
5340,1
5341,0
5346,1
5350,0
5351,1
5352,1
5353,0
5358,0
5359,0
5362,1
5377,1
5379,0
5390,1
5394,0
5395,1
5399,0
5400,1
5401,1
5405,0
5407,1
5417,0
5418,0
5422,1
5424,1
5426,1
5437,0
5442,0
5444,1
5445,1
5448,0
5457,0
5459,0
5460,0
5461,1
5464,0
5465,1
5466,1
5472,0
5486,0
5487,1
5489,1
5493,0
5504,1
5507,1
5514,0
5518,0
5538,1
5540,0
5542,0
5543,1
5546,1
5554,0
5555,1
5564,1
5567,1
5578,1
5581,0
5591,1
5597,1
5599,1
5602,0
5605,0
5611,1
5612,0
5617,0
5618,1
5624,0
5625,0
5628,0
5633,0
5652,1
5655,0
5660,0
5662,1
5664,1
5673,1
5675,1
5678,0
5681,0
5684,0
5689,1
5691,1
5692,1
5694,0
5695,1
5696,1
5700,1
5702,0
5709,0
5712,0
5713,0
5717,0
5723,0
5733,1
5734,1
5736,0
5738,0
5740,0
5745,1
5751,0
5753,1
5759,0
5764,1
5765,1
5779,0
5781,1
5783,1
5789,0
5792,0
5793,1
5796,0
5806,0
5812,1
5814,0
5816,0
5819,0
5820,0
5824,1
5829,1
5833,0
5835,0
5836,1
5837,1
5842,1
5846,1
5850,0
5858,1
5859,0
5861,1
5868,1
5869,1
5873,1
5874,1
5880,0
5882,1
5885,0
5886,0
5888,1
5889,1
5892,1
5895,1
5911,1
5914,0
5917,1
5934,0
5937,1
5939,1
5940,0
5944,1
5952,1
5954,1
5959,0
5975,1
5976,0
5979,0
5985,0
5999,0
6001,0
6002,1
6005,1
6008,1
6009,1
6010,0
6011,0
6013,0
6017,0
6018,0
6021,0
6022,1
6026,0
6027,1
6030,1
6033,0
6041,0
6042,0
6043,1
6046,1
6056,1
6057,1
6058,0
6060,1
6068,0
6070,1
6071,0
6072,0
6073,1
6077,1
6082,0
6088,1
6093,1
6094,1
6106,1
6110,0
6122,0
6128,1
6136,0
6137,0
6138,1
6140,0
6148,1
6150,0
6152,1
6154,1
6156,0
6157,0
6163,1
6167,1
6171,1
6177,0
6185,1
6187,0
6190,0
6193,0
6195,1
6198,1
6202,0
6203,0
6206,1
6211,0
6213,1
6215,0
6217,0
6219,0
6225,0
6227,0
6229,0
6234,1
6235,0
6236,0
6237,0
6241,0
6244,1
6245,1
6248,1
6255,0
6256,0
6262,0
6267,1
6271,1
6278,0
6283,1
6290,0
6294,0
6296,0
6297,1
6299,1
6300,1
6304,0
6305,1
6307,0
6308,0
6313,0
6315,1
6325,0
6329,1
6336,0
6341,1
6342,1
6346,0
6349,0
6351,0
6354,1
6363,1
6365,1
6366,1
6369,1
6372,1
6375,1
6376,0
6379,1
6394,1
6395,0
6409,1
6415,0
6417,0
6422,0
6426,0
6428,1
6430,1
6435,0
6441,1
6443,0
6444,0
6446,1
6447,1
6449,0
6456,0
6457,1
6459,1
6472,1
6476,0
6479,1
6482,1
6484,0
6487,0
6495,1
6498,0
6502,1
6521,1
6523,0
6525,1
6529,1
6534,1
6542,1
6548,1
6551,1
6552,0
6553,0
6557,1
6559,1
6564,1
6565,1
6571,0
6580,0
6586,1
6587,0
6588,0
6591,1
6592,1
6594,0
6597,0
6602,1
6606,1
6612,1
6614,0
6615,0
6616,1
6619,0
6625,1
6632,0
6640,1
6641,0
6642,0
6647,0
6652,0
6653,1
6654,0
6655,1
6659,0
6661,0
6664,0
6666,0
6668,0
6673,1
6675,0
6676,1
6680,0
6681,1
6683,0
6688,0
6692,0
6694,1
6696,1
6699,1
6707,1
6711,0
6714,0
6717,0
6721,1
6725,1
6730,0
6743,0
6744,1
6747,0
6749,1
6750,1
6751,0
6755,1
6757,0
6765,1
6769,1
6770,1
6774,0
6775,0
6778,1
6782,1
6784,1
6790,0
6794,0
6797,0
6800,0
6802,0
6804,0
6816,0
6817,0
6823,0
6824,1
6826,1
6838,0
6847,1
6851,1
6853,0
6855,1
6857,0
6858,1
6862,1
6864,0
6873,0
6874,1
6880,0
6882,1
6884,0
6890,1
6899,1
6903,1
6906,0
6912,1
6914,1
6915,0
6916,0
6919,1
6922,1
6927,0
6930,1
6932,1
6933,1
6935,1
6936,1
6941,1
6942,1
6950,0
6954,0
6956,1
6960,0
6962,1
6967,1
6969,1
6973,1
6978,1
6979,0
6981,1
6986,0
6991,1
6992,1
6998,0
7000,1
7001,0
7002,0
7008,0
7012,1
7014,0
7021,0
7026,1
7029,1
7030,0
7032,0
7039,1
7040,1
7042,0
7043,1
7048,0
7054,1
7063,0
7071,1
7072,0
7075,1
7076,1
7077,1
7079,1
7080,0
7081,1
7088,1
7094,0
7102,1
7107,1
7109,0
7114,0
7120,0
7121,0
7125,0
7127,0
7128,1
7130,0
7131,1
7133,1
7139,0
7140,1
7142,1
7151,1
7152,1
7157,1
7160,1
7161,1
7163,1
7170,1
7177,1
7179,1
7180,0
7185,0
7189,0
7195,1
7198,0
7207,1
7210,1
7214,0
7219,0
7226,1
7230,0
7236,0
7240,1
7243,0
7245,0
7251,1
7253,0
7264,1
7270,1
7271,1
7279,1
7282,1
7287,0
7288,0
7293,0
7294,1
7296,1
7302,0
7311,0
7317,0
7325,0
7329,0
7333,0
7334,0
7335,0
7339,1
7343,0
7344,1
7348,0
7350,1
7351,0
7355,1
7357,0
7367,0
7369,0
7384,1
7393,0
7398,1
7401,0
7404,1
7423,0
7425,1
7426,1
7432,0
7435,0
7444,0
7446,0
7449,0
7450,1
7454,0
7462,0
7466,0
7471,0
7473,1
7480,1
7491,0
7492,1
7493,1
7494,1
7500,1
7511,1
7515,1
7519,0
7530,0
7531,0
7534,0
7544,0
7545,0
7550,1
7553,1
7555,1
7556,0
7557,0
7559,1
7569,1
7576,0
7584,0
7586,1
7591,0
7608,0
7609,0
7611,1
7616,1
7621,1
7626,0
7629,1
7630,0
7632,0
7633,1
7637,1
7638,1
7640,1
7641,1
7644,1
7650,1
7658,1
7665,1
7666,0
7673,1
7678,0
7679,1
7680,1
7682,0
7685,1
7691,0
7702,1
7705,1
7712,0
7713,0
7720,1
7723,1
7728,1
7733,0
7737,0
7741,1
7746,0
7747,1
7748,0
7751,0
7758,1
7760,1
7761,0
7762,1
7770,0
7773,0
7775,0
7778,1
7780,1
7782,0
7783,1
7795,0
7798,1
7799,0
7805,1
7809,0
7814,0
7816,0
7819,1
7829,0
7836,1
7841,1
7852,1
7853,0
7860,1
7863,0
7868,0
7873,0
7877,0
7878,1
7887,0
7895,1
7901,1
7907,1
7910,1
7916,1
7917,0
7921,0
7923,0
7929,0
7933,1
7942,0
7946,1
7950,1
7954,1
7957,1
7964,0
7965,0
7967,1
7973,0
7981,1
7996,1
8002,0
8006,1
8012,0
8020,1
8021,0
8022,1
8026,0
8027,1
8028,1
8034,1
8038,1
8048,1
8054,0
8057,0
8058,1
8059,0
8063,1
8099,1
8100,0
8102,1
8107,1
8108,0
8109,1
8110,0
8128,0
8130,0
8132,1
8135,1
8136,0
8142,1
8143,1
8144,0
8149,0
8151,1
8153,1
8160,1
8166,1
8170,0
8174,0
8177,1
8186,0
8190,1
8191,0
8198,1
8200,0
8209,0
8213,1
8215,1
8221,0
8222,1
8227,0
8230,1
8231,0
8233,0
8234,0
8239,0
8242,1
8245,1
8246,0
8247,1
8248,0
8249,1
8250,1
8262,0
8265,1
8269,0
8270,1
8272,1
8274,0
8277,0
8278,0
8280,1
8281,0
8283,0
8289,1
8297,0
8299,1
8303,0
8305,1
8306,1
8313,1
8318,1
8323,0
8325,1
8330,1
8331,1
8334,0
8336,0
8338,1
8341,1
8345,1
8346,0
8347,1
8354,0
8359,1
8362,1
8364,0
8368,1
8369,1
8377,0
8378,0
8380,0
8384,0
8388,1
8394,1
8395,0
8409,0
8423,0
8434,0
8441,0
8444,1
8445,0
8449,1
8457,1
8459,0
8463,0
8467,1
8468,0
8477,0
8480,0
8481,1
8487,0
8488,0
8500,1
8503,1
8505,0
8516,0
8519,1
8521,1
8523,0
8526,1
8535,0
8537,1
8540,0
8543,1
8545,0
8564,0
8568,1
8569,1
8570,0
8574,0
8576,0
8578,0
8582,1
8586,1
8591,0
8594,0
8597,1
8599,1
8607,0
8615,1
8620,1
8622,1
8625,0
8629,1
8632,1
8640,0
8641,1
8647,0
8651,1
8656,1
8659,1
8662,1
8665,1
8673,0
8675,0
8684,0
8685,0
8694,0
8696,1
8704,0
8711,1
8714,0
8725,0
8728,0
8732,0
8733,1
8740,1
8747,1
8749,0
8751,0
8752,0
8754,0
8757,1
8770,1
8771,1
8773,1
8778,0
8783,0
8785,0
8786,1
8790,0
8792,1
8794,1
8808,0
8809,1
8815,1
8818,0
8820,1
8825,1
8826,0
8827,0
8828,1
8832,1
8833,1
8834,1
8835,1
8836,1
8838,1
8839,0
8840,0
8841,1
8847,1
8851,0
8857,1
8860,0
8865,0
8866,1
8873,0
8879,1
8882,0
8890,0
8893,1
8895,0
8897,1
8899,1
8903,0
8905,0
8907,1
8922,0
8931,1
8933,1
8942,0
8944,1
8952,1
8953,1
8958,0
8959,0
8960,0
8965,1
8967,0
8971,0
8986,1
8989,0
8990,0
8997,1
8999,1
9001,1
9003,1
9004,1
9008,0
9010,1
9018,0
9034,0
9035,0
9039,0
9041,1
9042,1
9045,1
9046,0
9051,1
9059,0
9068,1
9071,1
9074,0
9076,0
9079,0
9080,1
9081,0
9082,1
9093,0
9105,0
9106,0
9111,1
9115,1
9117,0
9120,0
9124,0
9139,0
9141,1
9142,0
9143,0
9146,0
9148,0
9151,1
9155,0
9156,0
9158,1
9160,0
9161,0
9164,1
9168,0
9172,0
9177,0
9179,0
9189,1
9192,1
9195,1
9197,1
9198,1
9204,0
9212,1
9221,1
9229,0
9232,0
9235,1
9239,1
9244,1
9245,1
9249,0
9251,0
9253,0
9255,0
9261,1
9266,1
9269,0
9271,0
9276,0
9287,0
9288,1
9289,0
9293,1
9296,0
9299,0
9304,1
9305,1
9312,0
9314,1
9316,1
9319,0
9321,1
9322,1
9325,0
9329,0
9338,0
9339,0
9343,0
9345,0
9351,0
9352,0
9356,0
9357,1
9363,1
9364,1
9365,1
9368,1
9373,1
9378,1
9380,0
9382,0
9386,0
9391,1
9394,1
9395,0
9400,0
9402,1
9405,1
9409,0
9414,1
9416,0
9419,1
9428,1
9430,0
9431,0
9434,0
9438,1
9439,0
9441,0
9444,0
9447,0
9449,1
9452,0
9454,0
9456,0
9458,1
9467,0
9472,1
9473,1
9479,1
9488,1
9498,1
9500,1
9501,0
9502,1
9505,0
9514,1
9523,0
9524,0
9525,0
9532,1
9537,0
9543,1
9544,0
9547,1
9548,1
9560,0
9561,1
9562,0
9564,1
9565,0
9566,0
9568,1
9571,0
9573,0
9578,0
9581,0
9589,1
9590,1
9592,1
9610,1
9612,0
9613,0
9616,0
9618,1
9624,1
9625,0
9639,1
9640,1
9643,0
9644,1
9647,1
9650,1
9653,1
9654,1
9660,1
9663,1
9665,1
9668,0
9670,0
9675,0
9679,1
9681,0
9686,1
9687,1
9693,1
9694,0
9697,0
9701,1
9704,0
9706,0
9707,0
9708,1
9720,0
9721,0
9725,0
9726,0
9738,1
9739,1
9742,0
9743,0
9745,1
9750,0
9758,1
9763,0
9773,1
9784,1
9785,0
9791,1
9794,0
9795,1
9801,1
9811,1
9814,1
9816,1
9817,1
9818,0
9824,1
9827,0
9834,1
9835,0
9836,1
9837,1
9840,0
9848,1
9849,1
9851,0
9855,0
9859,0
9862,1
9866,0
9868,1
9875,0
9877,1
9879,0
9880,0
9881,1
9882,0
9884,1
9888,1
9898,0
9900,1
9901,1
9902,1
9904,1
9906,0
9910,0
9914,0
9916,1
9917,1
9926,0
9930,0
9936,1
9941,1
9947,1
9948,0
9950,1
9951,0
9960,1
9966,1
9968,1
9972,0
9973,0
9980,1
9981,1
9987,0
9989,0
9991,1
9996,0
10012,0
10014,1
10020,1
10024,1
10029,0
10032,0
10036,0
10041,0
10046,1
10047,1
10050,0
10052,0
10059,0
10060,1
10065,1
10071,1
10073,1
10074,1
10075,1
10076,1
10077,1
10079,1
10087,0
10093,1
10098,1
10107,0
10117,0
10118,0
10119,1
10120,0
10121,0
10123,0
10125,0
10126,0
10132,1
10134,0
10137,0
10139,1
10142,1
10154,0
10156,0
10158,0
10173,0
10174,0
10184,0
10190,1
10191,1
10195,0
10198,0
10203,0
10208,0
10211,0
10216,0
10218,0
10221,1
10225,1
10226,1
10227,0
10232,0
10235,0
10237,0
10241,0
10242,1
10252,0
10253,0
10267,1
10269,0
10272,1
10274,0
10281,0
10282,0
10283,1
10296,1
10299,1
10301,1
10302,1
10313,1
10315,1
10323,1
10333,1
10337,0
10339,1
10341,1
10343,1
10346,0
10360,0
10370,1
10376,0
10377,1
10381,0
10384,0
10387,0
10396,1
10404,1
10430,0
10433,0
10435,0
10438,1
10439,0
10441,0
10442,1
10443,0
10446,0
10456,1
10459,0
10466,0
10472,1
10486,0
10496,1
10503,0
10504,0
10510,0
10512,0
10513,1
10526,0
10532,1
10538,0
10543,0
10548,0
10551,1
10565,0
10566,0
10567,0
10573,1
10578,1
10582,0
10591,0
10593,0
10603,1
10611,1
10613,1
10630,0
10632,0
10635,1
10641,0
10646,0
10648,1
10652,1
10655,1
10658,1
10659,0
10667,1
10669,0
10672,1
10677,1
10678,0
10685,1
10689,1
10694,0
10697,0
10699,0
10704,1
10705,1
10708,0
10714,1
10719,1
10725,0
10729,1
10730,1
10735,1
10736,0
10741,1
10749,0
10754,0
10756,0
10763,0
10765,1
10768,0
10769,0
10775,1
10780,1
10782,1
10784,0
10786,1
10787,1
10788,1
10791,0
10795,0
10798,1
10799,1
10801,1
10815,1
10827,1
10832,1
10833,0
10836,0
10838,0
10839,1
10845,1
10847,0
10849,1
10852,0
10859,0
10864,1
10867,0
10869,0
10872,1
10874,1
10880,1
10881,0
10883,1
10890,0
10899,1
10902,1
10908,1
10912,0
10913,0
10918,0
10921,1
10932,0
10933,1
10934,1
10940,0
10941,0
10943,1
10951,1
10954,1
10956,0
10959,1
10965,1
10969,1
10971,0
10972,1
10973,1
10976,0
10979,0
10987,1
10989,0
10991,1
10993,0
10996,0
10999,0
11000,0
11004,0
11009,1
11015,1
11019,1
11020,0
11025,1
11027,1
11037,0
11039,0
11046,1
11049,0
11050,1
11055,0
11057,1
11059,0
11068,0
11074,0
11078,0
11086,1
11088,0
11092,0
11094,0
11097,1
11099,0
11104,1
11113,1
11114,1
11119,0
11120,0
11123,0
11124,0
11125,0
11130,1
11132,0
11133,0
11145,1
11146,0
11154,1
11158,1
11159,0
11161,0
11167,1
11168,1
11171,1
11173,0
11175,1
11181,0
11182,0
11184,0
11189,0
11191,0
11193,1
11196,1
11197,1
11206,1
11211,0
11220,0
11222,1
11225,1
11226,0
11229,0
11232,0
11234,1
11238,1
11243,1
11247,1
11255,1
11258,1
11260,1
11261,0
11269,0
11279,0
11287,0
11288,0
11292,1
11293,0
11302,0
11303,1
11305,1
11319,0
11320,1
11321,0
11333,1
11337,0
11341,0
11344,0
11345,0
11346,0
11347,1
11350,1
11355,1
11356,0
11360,0
11363,1
11364,1
11366,0
11369,1
11372,1
11375,1
11377,1
11378,1
11382,1
11386,1
11387,1
11391,0
11397,0
11398,0
11404,0
11410,1
11414,0
11420,1
11423,1
11424,1
11429,1
11430,0
11431,1
11448,0
11450,0
11451,1
11452,1
11453,0
11454,0
11461,1
11467,1
11475,0
11477,0
11479,1
11483,1
11492,1
11493,1
11497,1
11508,0
11509,0
11518,0
11527,1
11533,1
11536,1
11550,0
11551,1
11552,1
11553,0
11559,0
11570,0
11572,0
11577,0
11583,1
11585,0
11586,1
11595,1
11602,1
11605,1
11611,1
11615,1
11617,1
11622,1
11623,0
11624,0
11625,1
11626,0
11628,0
11630,0
11642,1
11649,1
11651,0
11653,1
11654,1
11658,0
11659,1
11669,0
11670,0
11672,0
11674,0
11683,0
11684,1
11687,0
11690,1
11701,0
11714,1
11723,1
11727,0
11729,1
11738,1
11743,0
11751,1
11752,1
11756,1
11757,1
11762,1
11764,1
11767,1
11769,1
11777,1
11779,0
11780,0
11781,0
11782,0
11784,1
11789,0
11792,1
11796,1
11801,1
11802,0
11808,1
11812,1
11814,1
11818,0
11821,0
11822,0
11829,1
11832,1
11834,0
11837,0
11841,0
11845,1
11849,1
11852,0
11854,1
11856,1
11857,0
11858,1
11859,0
11865,0
11866,1
11876,0
11884,1
11890,0
11891,1
11897,1
11904,1
11908,0
11911,0
11912,1
11915,1
11925,0
11930,1
11932,0
11937,1
11941,1
11948,1
11955,1
11956,1
11960,1
11963,1
11964,0
11974,1
11978,0
11983,0
11984,1
11991,1
11995,0
11996,0
11997,1
12002,1
12003,0
12016,0
12017,1
12020,1
12026,1
12028,1
12029,1
12037,1
12041,0
12042,1
12045,0
12047,1
12052,0
12053,0
12060,0
12061,0
12065,0
12069,1
12076,0
12097,1
12099,1
12101,1
12102,0
12103,1
12105,1
12109,1
12115,1
12117,0
12120,1
12121,0
12124,0
12127,1
12138,1
12140,0
12141,1
12142,1
12146,1
12150,0
12153,0
12158,0
12163,1
12164,0
12173,0
12174,1
12175,1
12176,0
12179,1
12181,1
12182,1
12185,0
12189,0
12193,0
12202,0
12203,1
12204,1
12207,0
12211,1
12222,1
12227,0
12230,1
12231,0
12233,1
12236,0
12240,1
12241,0
12243,1
12256,0
12267,0
12269,1
12276,1
12278,1
12282,1
12285,1
12286,1
12290,1
12298,1
12308,0
12310,1
12315,1
12318,0
12324,1
12327,0
12332,1
12333,0
12334,0
12338,0
12339,1
12342,1
12352,0
12354,1
12361,1
12365,1
12368,1
12377,1
12385,1
12388,0
12390,0
12391,1
12393,1
12405,1
12414,1
12419,1
12423,1
12426,1
12430,0
12435,0
12436,0
12439,0
12440,1
12447,1
12456,0
12457,0
12458,0
12463,0
12472,1
12473,0
12474,0
12475,0
12479,0
12487,0
12494,0
12495,1
12499,1
12500,0
12501,1
12508,0
12510,1
12511,0
12514,1
12517,0
12528,1
12538,0
12545,0
12548,0
12550,1
12558,0
12559,1
12565,0
12576,0
12578,1
12579,1
12581,0
12584,0
12585,1
12592,0
12602,0
12604,1
12606,0
12608,0
12613,1
12614,1
12617,1
12618,0
12620,1
12621,1
12628,0
12633,0
12638,1
12645,0
12646,0
12653,1
12655,1
12660,0
12671,0
12673,0
12675,1
12679,1
12683,0
12695,0
12697,0
12700,1
12703,1
12707,0
12719,0
12723,1
12725,1
12727,0
12730,0
12734,1
12740,0
12744,1
12746,1
12747,0
12752,0
12755,0
12760,0
12761,0
12763,1
12767,1
12768,1
12771,1
12772,0
12773,0
12775,1
12786,1
12794,1
12808,1
12812,1
12814,0
12816,1
12817,0
12832,0
12843,1
12848,1
12851,0
12852,0
12855,1
12859,1
12862,1
12873,0
12877,1
12878,0
12879,0
12880,1
12884,0
12887,0
12888,0
12891,1
12892,0
12894,1
12898,0
12899,1
12901,0
12906,1
12907,1
12921,0
12923,1
12925,1
12928,0
12929,1
12930,0
12935,1
12938,0
12939,1
12941,0
12942,0
12948,0
12950,1
12951,0
12958,0
12964,0
12966,0
12967,0
12969,1
12970,1
12971,1
12976,0
12978,1
12979,1
12980,0
12983,1
12993,0
12998,1
12999,1
13000,1
13006,0
13008,1
13011,0
13013,1
13015,1
13017,1
13026,0
13029,1
13030,1
13037,0
13042,1
13044,1
13046,1
13047,0
13048,0
13050,1
13052,0
13053,0
13056,1
13057,1
13062,1
13065,0
13069,0
13070,1
13071,1
13073,0
13074,0
13079,1
13081,0
13086,1
13090,1
13091,1
13092,1
13093,0
13097,1
13101,0
13104,0
13106,1
13110,1
13117,1
13128,0
13129,1
13138,1
13142,0
13146,0
13149,1
13159,0
13160,1
13163,1
13167,1
13169,1
13171,0
13196,1
13198,0
13202,1
13204,1
13210,0
13212,0
13215,0
13218,0
13219,0
13229,0
13236,0
13240,0
13242,0
13243,0
13248,0
13255,1
13260,1
13264,1
13266,0
13270,0
13271,0
13272,0
13275,1
13276,0
13277,1
13284,0
13293,0
13299,0
13305,1
13306,0
13308,1
13318,1
13322,1
13329,1
13330,0
13336,0
13345,0
13346,0
13349,1
13352,0
13354,1
13355,0
13357,0
13358,1
13362,0
13367,1
13372,1
13375,0
13382,1
13384,1
13388,0
13392,1
13393,1
13394,1
13401,0
13402,0
13407,0
13411,1
13414,1
13416,1
13419,1
13420,1
13421,1
13422,1
13428,1
13429,0
13440,0
13441,1
13445,1
13450,0
13455,0
13466,1
13474,0
13475,1
13478,0
13482,1
13483,1
13484,0
13486,0
13493,1
13494,0
13495,0
13499,1
13502,1
13503,0
13504,1
13506,1
13509,1
13512,0
13518,1
13519,1
13523,0
13526,0
13527,0
13529,0
13531,1
13537,0
13538,0
13542,0
13550,1
13554,1
13558,1
13560,1
13567,1
13570,1
13572,0
13573,0
13579,0
13585,0
13587,0
13588,1
13590,0
13592,0
13593,1
13594,0
13595,1
13597,0
13602,0
13603,0
13614,0
13618,1
13621,1
13622,1
13625,1
13627,1
13629,0
13638,1
13646,1
13649,0
13651,0
13652,0
13653,1
13657,0
13667,1
13668,1
13672,0
13682,1
13694,0
13695,1
13704,1
13708,1
13710,1
13727,0
13732,1
13734,0
13736,0
13740,1
13749,1
13756,0
13758,0
13763,0
13766,1
13767,1
13768,0
13772,0
13781,1
13788,0
13790,1
13791,1
13794,0
13796,1
13799,0
13802,1
13803,0
13804,1
13806,0
13810,0
13817,1
13818,0
13821,0
13823,1
13830,0
13833,0
13839,1
13840,0
13841,0
13842,1
13844,1
13849,0
13855,0
13860,0
13866,1
13870,0
13871,0
13873,1
13880,0
13882,0
13886,1
13888,1
13891,1
13893,0
13911,1
13918,0
13919,1
13921,1
13922,1
13923,0
13925,1
13935,1
13943,1
13944,1
13948,1
13950,0
13952,1
13955,0
13957,1
13970,0
13973,0
13975,1
13980,0
13991,1
13995,1
13996,0
13997,1
13998,1
14000,1
14005,0
14006,0
14017,1
14019,1
14020,0
14025,0
14030,1
14034,0
14038,1
14039,0
14041,0
14042,0
14050,1
14055,0
14057,1
14064,0
14065,1
14075,1
14078,1
14084,0
14086,1
14091,0
14092,1
14093,0
14099,0
14102,0
14105,0
14109,1
14115,0
14118,0
14123,0
14125,1
14127,0
14129,1
14132,1
14134,1
14136,1
14143,1
14144,1
14148,1
14154,1
14157,0
14161,0
14165,1
14167,0
14169,1
14179,0
14180,1
14184,0
14188,1
14197,1
14205,1
14211,0
14214,0
14216,0
14227,0
14229,0
14234,1
14236,1
14245,1
14250,1
14254,0
14257,1
14258,0
14260,1
14262,0
14266,0
14270,0
14276,0
14284,1
14285,0
14286,1
14296,1
14297,1
14302,0
14305,0
14308,1
14309,1
14311,1
14312,0
14315,0
14317,0
14319,1
14321,1
14323,1
14327,0
14331,1
14333,1
14334,1
14335,0
14338,1
14351,0
14355,0
14357,1
14364,0
14365,1
14369,1
14370,0
14373,1
14374,0
14379,0
14384,1
14387,1
14391,0
14392,1
14393,1
14397,0
14398,1
14401,1
14404,0
14405,0
14407,0
14410,0
14413,1
14437,0
14439,0
14440,0
14441,1
14443,1
14447,0
14450,1
14451,0
14457,1
14459,0
14460,0
14464,0
14468,0
14482,1
14493,1
14494,1
14496,1
14511,0
14513,0
14514,1
14519,0
14521,1
14522,0
14525,1
14530,1
14533,1
14534,0
14539,0
14543,1
14550,0
14559,1
14565,1
14567,1
14570,0
14571,1
14577,0
14578,1
14579,1
14595,1
14596,1
14598,1
14600,0
14610,1
14611,1
14616,1
14623,1
14624,1
14625,1
14626,0
14633,1
14636,0
14646,0
14649,1
14652,0
14665,0
14677,1
14683,1
14685,0
14686,0
14688,0
14694,0
14695,0
14704,0
14706,0
14708,0
14710,0
14718,1
14719,0
14721,1
14724,1
14727,0
14728,1
14732,0
14733,0
14748,1
14749,0
14767,1
14772,1
14773,0
14779,0
14780,0
14785,1
14791,1
14794,0
14798,0
14799,1
14818,0
14819,0
14823,0
14832,0
14833,0
14836,1
14841,0
14849,0
14855,1
14858,0
14861,0
14863,0
14865,1
14866,1
14872,0
14874,0
14880,0
14882,0
14884,1
14903,0
14906,1
14909,1
14911,0
14915,1
14917,0
14919,0
14922,1
14923,0
14936,0
14942,0
14951,1
14953,1
14956,0
14963,1
14964,0
14971,1
14979,0
14987,1
14995,1
15002,1
15003,0
15005,0
15009,0
15014,0
15016,1
15019,1
15022,0
15023,0
15026,0
15039,0
15053,1
15056,1
15059,1
15060,1
15062,0
15074,0
15082,0
15087,0
15088,0
15089,0
15093,1
15098,1
15102,1
15103,0
15106,1
15107,0
15108,0
15111,0
15114,1
15115,0
15117,1
15119,1
15121,1
15125,1
15128,1
15136,0
15138,1
15142,0
15152,0
15155,0
15166,1
15170,0
15175,0
15177,1
15180,1
15181,1
15188,0
15190,1
15193,0
15200,1
15203,1
15206,0
15207,1
15213,1
15221,0
15227,0
15247,0
15256,1
15257,0
15260,1
15261,1
15263,1
15273,0
15276,0
15278,0
15279,0
15280,1
15282,0
15298,0
15301,1
15302,0
15313,0
15315,1
15317,1
15323,0
15327,0
15331,1
15339,0
15344,1
15348,1
15351,1
15353,1
15354,0
15358,0
15362,0
15363,1
15364,1
15365,1
15367,0
15368,1
15370,1
15375,1
15377,1
15378,0
15386,0
15389,0
15390,1
15393,1
15394,1
15403,0
15408,0
15423,0
15428,0
15430,1
15431,1
15436,0
15450,1
15452,0
15453,0
15454,0
15457,0
15459,1
15460,1
15462,1
15463,0
15464,0
15465,1
15468,1
15470,1
15476,1
15478,1
15482,1
15491,1
15492,1
15499,1
15501,0
15503,0
15504,0
15505,0
15514,0
15515,0
15516,0
15527,0
15532,1
15536,1
15541,1
15543,1
15545,1
15547,0
15549,0
15551,1
15554,0
15555,1
15556,0
15557,0
15558,1
15565,0
15566,0
15568,0
15571,0
15579,1
15580,0
15585,1
15592,1
15593,1
15602,0
15604,0
15606,1
15612,1
15614,0
15616,1
15617,1
15618,0
15628,0
15629,0
15632,0
15634,1
15636,1
15642,1
15647,1
15648,1
15650,0
15657,1
15658,0
15660,0
15664,1
15667,1
15668,0
15671,0
15679,0
15681,0
15687,1
15690,0
15694,1
15696,1
15697,0
15699,1
15700,1
15709,1
15718,0
15724,1
15726,0
15728,0
15729,0
15739,1
15745,1
15746,1
15749,0
15757,1
15758,0
15760,0
15776,1
15778,1
15780,0
15781,1
15783,1
15786,0
15788,1
15794,0
15800,0
15808,1
15810,1
15812,0
15814,0
15816,1
15824,0
15826,0
15828,0
15844,0
15848,1
15850,0
15857,1
15860,0
15873,1
15877,0
15880,1
15882,1
15887,1
15889,1
15890,0
15900,1
15911,1
15915,0
15917,0
15920,1
15923,1
15924,0
15926,1
15928,0
15934,0
15937,1
15938,0
15939,1
15940,0
15942,0
15953,1
15958,0
15974,1
15978,1
15983,1
15985,1
15989,1
15991,0
15993,1
15998,0
16000,0
16002,0
16003,0
16004,1
16017,1
16022,1
16023,1
16025,0
16026,1
16037,0
16039,0
16041,1
16042,1
16044,1
16052,1
16053,0
16054,1
16060,1
16071,0
16073,1
16078,0
16090,1
16092,0
16105,1
16110,1
16113,0
16114,1
16115,0
16118,0
16119,0
16127,0
16129,0
16131,1
16134,0
16140,1
16141,1
16144,0
16150,1
16155,0
16156,1
16158,0
16159,1
16160,0
16167,0
16168,0
16172,0
16173,0
16174,1
16186,0
16189,0
16192,1
16198,1
16200,1
16201,0
16202,1
16211,0
16216,1
16223,1
16225,1
16226,1
16227,1
16228,0
16230,1
16231,1
16234,0
16237,0
16242,0
16253,0
16255,1
16263,1
16266,1
16268,1
16271,1
16282,0
16283,1
16284,1
16298,0
16300,0
16302,0
16307,1
16309,1
16312,1
16314,1
16315,1
16316,0
16320,1
16321,0
16325,1
16329,1
16333,0
16335,1
16338,0
16343,1
16353,0
16366,0
16378,0
16379,1
16386,1
16388,0
16396,1
16397,1
16403,1
16409,0
16412,0
16413,0
16415,1
16418,1
16421,0
16422,1
16425,1
16431,0
16437,0
16440,1
16442,0
16447,1
16452,0
16453,1
16454,1
16465,0
16467,0
16473,0
16476,0
16481,0
16483,1
16484,0
16488,1
16492,0
16493,1
16498,0
16509,1
16513,1
16518,1
16533,1
16545,0
16547,0
16548,1
16551,0
16553,1
16555,0
16570,0
16573,0
16586,0
16587,0
16589,1
16591,1
16595,1
16596,1
16597,0
16602,1
16603,0
16610,1
16611,0
16615,0
16627,1
16635,0
16643,1
16648,1
16654,0
16662,1
16667,1
16671,1
16675,1
16676,0
16682,1
16685,1
16686,1
16695,0
16706,0
16710,1
16712,0
16716,1
16733,0
16736,1
16746,0
16750,1
16751,0
16755,0
16757,0
16768,1
16775,1
16776,0
16777,0
16797,0
16805,1
16813,1
16818,0
16821,0
16830,0
16835,0
16836,1
16846,0
16849,1
16850,1
16853,1
16859,0
16860,1
16864,0
16871,1
16881,0
16884,1
16886,0
16888,0
16900,0
16909,0
16910,0
16916,0
16917,0
16920,0
16923,1
16928,1
16929,1
16934,1
16936,1
16937,1
16942,1
16951,1
16952,0
16958,0
16961,0
16963,0
16965,0
16966,0
16969,0
16975,0
16977,0
16981,0
16988,0
16990,1
16992,0
16993,1
16994,1
16996,1
16998,0
16999,1
17020,0
17023,1
17031,0
17033,1
17037,0
17043,1
17044,1
17046,1
17051,1
17057,1
17062,0
17063,1
17068,1
17069,0
17071,1
17077,0
17080,0
17081,0
17084,0
17085,1
17091,1
17095,1
17099,1
17101,1
17107,1
17108,0
17112,1
17120,1
17121,1
17123,0
17124,1
17125,0
17128,0
17133,1
17135,1
17137,0
17138,0
17140,1
17145,1
17146,0
17147,0
17155,0
17156,1
17163,1
17164,1
17167,0
17169,0
17171,0
17174,0
17175,1
17176,0
17178,1
17180,0
17188,1
17192,1
17198,1
17205,0
17206,0
17207,1
17211,0
17214,1
17217,0
17227,0
17229,0
17233,0
17234,0
17236,1
17237,0
17243,0
17248,0
17250,0
17256,1
17261,0
17262,1
17264,1
17268,1
17269,0
17273,1
17274,0
17276,0
17277,1
17281,1
17287,0
17291,0
17292,1
17294,1
17299,1
17306,1
17307,0
17311,0
17315,1
17316,0
17324,1
17329,1
17331,1
17335,0
17340,1
17353,1
17354,0
17356,0
17357,0
17362,0
17365,0
17367,0
17369,1
17370,0
17373,0
17381,0
17383,0
17384,1
17386,0
17387,0
17390,1
17396,0
17399,1
17400,1
17405,1
17406,0
17407,0
17413,0
17416,0
17420,0
17426,1
17434,1
17435,0
17441,0
17442,0
17451,1
17456,1
17458,1
17459,0
17460,1
17462,1
17467,0
17470,0
17472,0
17477,1
17485,0
17498,1
17502,0
17504,1
17509,0
17514,1
17516,0
17520,1
17522,0
17532,1
17547,0
17551,1
17572,0
17576,1
17587,1
17590,1
17594,0
17598,1
17609,1
17620,1
17622,0
17624,0
17630,0
17631,0
17635,0
17642,1
17643,0
17645,0
17653,0
17657,1
17664,1
17665,1
17666,0
17669,1
17670,1
17672,0
17673,1
17675,0
17679,1
17685,0
17691,1
17696,0
17697,0
17702,1
17705,1
17707,0
17708,1
17717,1
17728,1
17731,1
17735,1
17749,0
17753,0
17757,1
17762,1
17763,0
17768,0
17770,1
17773,1
17778,1
17781,0
17789,0
17792,1
17796,0
17813,1
17819,0
17821,1
17824,0
17828,0
17829,1
17831,1
17832,1
17841,1
17845,1
17848,1
17850,0
17856,1
17857,1
17860,0
17861,1
17874,0
17875,1
17879,0
17880,1
17881,0
17892,1
17900,0
17902,1
17908,0
17910,0
17917,0
17921,1
17925,1
17930,1
17931,0
17939,1
17944,1
17949,0
17950,1
17952,0
17960,0
17962,1
17963,0
17971,0
17972,1
17973,0
17976,0
17979,1
17981,1
17982,1
17987,0
17996,1
17999,0
18004,0
18005,1
18007,1
18016,0
18020,0
18024,1
18025,1
18030,1
18033,1
18036,1
18038,1
18042,0
18043,1
18044,1
18047,1
18057,1
18063,1
18065,0
18066,0
18067,1
18072,0
18073,1
18076,0
18079,0
18083,0
18084,0
18088,0
18092,0
18093,0
18101,1
18107,0
18108,0
18109,0
18115,0
18120,0
18124,0
18128,0
18133,1
18135,0
18136,0
18138,0
18142,1
18144,0
18151,0
18159,0
18166,0
18168,1
18169,1
18174,0
18176,0
18177,1
18182,0
18183,0
18185,1
18186,0
18195,0
18200,0
18207,1
18210,1
18211,1
18221,1
18222,0
18224,1
18226,1
18232,0
18234,0
18240,1
18246,0
18253,0
18260,1
18261,1
18262,0
18264,1
18270,1
18277,1
18284,1
18288,1
18301,0
18303,0
18305,1
18306,1
18307,1
18309,1
18310,1
18320,0
18326,0
18332,1
18333,1
18340,0
18345,1
18346,0
18347,0
18348,1
18350,1
18357,1
18369,1
18372,1
18383,0
18386,0
18390,1
18397,1
18404,1
18406,0
18407,0
18408,1
18417,0
18418,0
18420,1
18424,0
18426,1
18428,0
18430,1
18431,1
18432,0
18434,0
18435,1
18438,1
18439,1
18443,1
18445,0
18450,0
18451,1
18454,0
18461,0
18463,0
18465,0
18466,0
18467,1
18469,0
18471,1
18478,0
18482,0
18484,1
18497,1
18499,1
18500,1
18509,1
18510,1
18513,0
18515,1
18517,1
18522,1
18526,1
18528,0
18533,1
18545,0
18556,1
18557,0
18558,0
18560,1
18563,0
18565,1
18566,1
18568,1
18570,1
18574,1
18579,1
18586,0
18589,0
18590,1
18599,1
18601,1
18609,0
18619,0
18628,0
18629,0
18631,0
18632,0
18633,1
18634,0
18643,1
18651,0
18652,0
18653,1
18655,1
18660,0
18667,0
18669,0
18671,1
18674,0
18678,1
18681,0
18684,0
18685,1
18687,0
18688,1
18692,0
18693,1
18694,1
18697,1
18698,0
18707,1
18708,0
18711,1
18712,0
18725,1
18746,0
18752,1
18753,1
18757,0
18761,0
18772,0
18776,0
18779,1
18780,0
18782,1
18785,1
18787,1
18799,1
18800,1
18808,0
18812,1
18813,0
18814,0
18819,1
18823,0
18824,0
18825,1
18829,1
18831,1
18834,0
18840,1
18846,1
18858,0
18860,0
18863,1
18879,1
18882,1
18886,1
18887,0
18892,0
18898,1
18899,0
18904,0
18905,0
18912,0
18919,0
18924,0
18928,0
18930,1
18936,0
18937,1
18939,0
18940,1
18942,0
18945,0
18948,1
18949,1
18961,1
18972,1
18978,0
18983,1
18984,0
18988,0
18994,1
18996,0
19004,0
19012,1
19015,0
19017,1
19020,1
19024,1
19025,0
19033,0
19038,1
19043,0
19045,0
19048,0
19052,0
19053,0
19056,1
19059,1
19060,0
19063,1
19065,0
19066,1
19068,1
19069,1
19070,1
19071,1
19077,0
19078,0
19079,0
19081,1
19084,0
19088,1
19092,0
19093,0
19101,0
19112,0
19116,1
19119,1
19123,1
19124,0
19126,0
19127,0
19129,0
19133,0
19140,0
19141,1
19142,0
19144,0
19148,0
19155,0
19160,0
19163,0
19166,0
19171,1
19174,1
19177,0
19178,1
19180,0
19181,1
19183,1
19184,1
19188,1
19189,0
19193,0
19198,0
19203,0
19207,1
19208,0
19212,0
19213,0
19220,0
19228,0
19232,0
19238,0
19242,0
19244,1
19245,0
19248,0
19250,1
19254,0
19270,0
19272,0
19276,1
19286,0
19287,1
19289,1
19291,1
19292,0
19293,0
19294,1
19297,1
19306,1
19309,0
19311,1
19312,1
19320,1
19324,0
19325,1
19328,0
19335,1
19336,0
19339,0
19340,0
19344,1
19347,0
19348,1
19362,1
19363,1
19370,0
19374,1
19375,0
19376,0
19384,1
19400,1
19401,0
19409,0
19410,1
19413,1
19416,1
19425,0
19431,0
19449,1
19454,0
19456,1
19467,1
19471,0
19472,0
19473,0
19476,0
19480,1
19481,1
19482,1
19483,1
19487,0
19488,1
19493,1
19497,1
19506,1
19511,0
19519,1
19521,1
19526,0
19528,0
19540,0
19541,0
19546,1
19548,1
19549,1
19550,1
19551,0
19560,0
19562,0
19573,0
19578,1
19583,0
19586,1
19587,0
19589,1
19596,0
19598,0
19599,0
19601,1
19603,0
19605,1
19614,1
19617,1
19619,0
19620,0
19621,1
19625,1
19627,1
19629,0
19630,0
19634,1
19639,0
19640,0
19649,0
19651,0
19658,0
19671,0
19675,0
19678,0
19682,1
19683,1
19684,1
19693,0
19697,0
19710,0
19714,1
19715,1
19721,0
19725,1
19735,0
19738,1
19746,0
19749,0
19754,0
19757,1
19759,0
19764,0
19766,1
19767,1
19771,0
19775,1
19782,1
19786,1
19787,0
19789,1
19794,1
19803,1
19805,1
19816,0
19817,0
19820,0
19821,0
19823,1
19824,1
19831,1
19832,0
19833,1
19834,1
19840,0
19841,1
19842,1
19844,0
19845,1
19847,1
19851,1
19854,0
19857,1
19862,0
19865,1
19866,0
19868,0
19869,0
19876,0
19880,0
19881,1
19883,0
19891,1
19893,1
19897,1
19899,1
19901,1
19908,0
19910,1
19913,0
19915,0
19924,1
19926,0
19929,1
19939,0
19945,1
19954,0
19963,1
19964,0
19971,1
19979,0
19980,0
19983,0
19986,0
19987,0
19988,0
19989,1
19993,0
19996,0
20002,1
20004,1
20007,0
20010,1
20014,1
20021,1
20025,1
20026,1
20027,1
20033,0
20038,0
20043,1
20044,0
20046,1
20049,0
20053,1
20062,1
20065,1
20066,0
20067,0
20069,1
20071,1
20086,1
20090,0
20091,1
20094,1
20095,1
20097,1
20101,1
20103,0
20105,0
20108,0
20110,0
20113,1
20121,1
20129,1
20130,1
20135,0
20147,1
20151,1
20161,0
20171,0
20174,1
20181,1
20182,0
20186,1
20189,1
20190,1
20194,1
20202,0
20207,0
20211,0
20215,0
20217,1
20220,0
20221,0
20222,1
20223,0
20225,1
20241,0
20243,1
20245,0
20249,1
20251,0
20252,0
20256,1
20258,0
20261,0
20277,1
20285,0
20288,0
20293,0
20295,1
20300,1
20302,0
20303,1
20304,0
20305,0
20324,1
20326,0
20327,1
20331,0
20336,1
20340,0
20347,1
20357,1
20359,1
20362,1
20365,0
20366,0
20370,1
20373,0
20375,0
20377,0
20379,1
20386,0
20391,0
20396,1
20400,0
20406,1
20413,1
20418,1
20425,1
20429,1
20431,1
20435,0
20437,0
20441,0
20443,1
20448,0
20450,0
20453,1
20454,1
20455,1
20457,0
20458,0
20462,0
20469,1
20475,1
20478,1
20490,0
20499,0
20500,1
20503,0
20508,0
20511,0
20513,1
20514,0
20516,0
20519,0
20524,1
20526,0
20528,0
20529,1
20539,1
20542,0
20545,1
20549,0
20561,1
20567,1
20568,1
20569,0
20570,0
20587,1
20593,1
20600,1
20602,1
20603,1
20607,1
20608,0
20612,1
20616,0
20618,0
20623,0
20624,0
20626,1
20627,0
20646,0
20653,0
20656,1
20661,1
20663,0
20665,0
20666,1
20667,1
20669,0
20671,0
20675,0
20676,0
20677,0
20685,0
20686,1
20690,0
20693,0
20695,0
20697,0
20699,1
20706,0
20710,1
20716,1
20718,1
20721,1
20725,0
20727,0
20735,1
20740,0
20741,1
20748,1
20751,1
20753,0
20759,0
20761,1
20763,1
20766,1
20767,1
20771,1
20773,0
20775,0
20776,1
20777,0
20809,0
20810,0
20813,0
20815,0
20816,1
20822,0
20823,0
20825,0
20828,0
20830,1
20835,0
20843,0
20850,0
20852,1
20853,1
20854,0
20862,1
20865,1
20866,1
20867,1
20873,0
20876,1
20890,0
20895,1
20897,1
20900,0
20902,0
20906,0
20907,1
20914,1
20918,0
20919,1
20922,1
20924,1
20931,1
20933,1
20938,0
20941,0
20944,0
20965,1
20969,0
20970,1
20973,0
20986,1
20988,1
20992,1
21005,0
21006,1
21010,0
21013,1
21015,0
21021,0
21024,0
21028,1
21029,0
21038,1
21045,0
21046,1
21047,0
21048,0
21052,0
21059,1
21060,1
21066,0
21072,0
21077,1
21079,0
21085,1
21087,1
21095,1
21096,1
21104,0
21105,0
21107,0
21108,0
21113,1
21114,1
21116,1
21117,0
21119,1
21120,0
21131,0
21141,1
21149,1
21150,1
21158,1
21159,1
21160,1
21161,0
21164,1
21166,0
21167,1
21173,1
21187,0
21188,1
21189,0
21195,1
21198,0
21204,1
21206,1
21216,1
21217,0
21218,1
21219,1
21222,0
21224,0
21233,0
21240,0
21245,1
21249,1
21250,1
21254,1
21255,0
21258,0
21260,0
21261,0
21267,0
21277,1
21280,0
21289,1
21290,1
21295,1
21296,0
21302,0
21304,0
21307,0
21308,0
21311,1
21323,0
21325,1
21335,1
21336,0
21338,0
21340,0
21345,0
21352,0
21355,0
21367,1
21370,0
21371,0
21382,1
21385,0
21391,0
21392,0
21393,0
21395,0
21406,0
21412,1
21415,1
21417,0
21418,0
21421,1
21423,1
21425,0
21446,0
21448,1
21451,0
21452,0
21454,1
21457,1
21462,1
21463,0
21465,1
21466,0
21468,1
21471,1
21472,0
21479,0
21483,1
21488,1
21492,1
21496,0
21499,0
21500,1
21508,1
21517,1
21527,0
21529,1
21530,0
21539,1
21550,1
21557,0
21566,1
21571,0
21576,1
21578,0
21579,0
21582,1
21583,1
21588,0
21589,0
21590,0
21592,1
21598,0
21600,1
21601,1
21614,1
21617,0
21618,0
21622,1
21627,0
21636,0
21641,1
21644,0
21645,1
21649,1
21650,0
21658,0
21660,0
21673,1
21675,0
21681,0
21689,0
21691,1
21692,0
21693,0
21695,0
21700,1
21703,1
21705,0
21706,1
21710,1
21712,1
21715,1
21726,1
21731,0
21732,1
21735,0
21738,1
21739,1
21742,0
21744,0
21747,0
21757,0
21762,1
21767,1
21777,0
21778,1
21781,0
21793,0
21794,1
21796,1
21804,0
21808,1
21811,0
21815,0
21816,1
21818,1
21819,1
21823,0
21831,0
21835,1
21837,0
21840,0
21841,0
21845,0
21850,0
21857,1
21865,0
21866,0
21877,0
21880,0
21883,1
21888,1
21900,0
21901,0
21905,0
21906,0
21907,0
21917,1
21920,1
21921,1
21926,0
21931,0
21933,1
21940,0
21946,1
21948,1
21951,1
21960,0
21966,1
21967,1
21968,0
21970,0
21971,1
21973,0
21975,0
21976,0
21980,1
21981,1
21986,0
21994,0
21995,1
